tanggal,jenis_sampah,berat_kg,densitas_kg_m3
2026-04-18,Aluminium,0.24,190
2026-04-18,Kertas,8.22,150
2026-04-18,Emberan,9.03,68
2026-04-18,Emberan,0.19,68
2026-04-19,Campuran,0.33,150
2026-04-19,Campuran,0.34,150
2026-04-20,Beling/Botol,0,60
2026-04-20,Emberan,0.25,68
2026-04-20,Duplex,1.1,48
2026-04-20,Duplex,4.1,48
2026-04-20,Emberan,4.33,68
2026-04-20,Emberan,2.3,68
2026-04-20,Kertas,1.98,150
2026-04-20,Kertas,5.42,150
2026-04-20,Plastik,1.77,19
2026-04-20,Duplex,1.14,48
2026-04-20,Emberan,3.66,68
2026-04-20,Beling/Botol,0,60
2026-04-20,Kertas,6.02,150
2026-04-20,Plastik,0.67,19
2026-04-20,Kertas,1.21,150
2026-04-20,Plastik,1.47,19
2026-04-21,Kertas,8.85,150
2026-04-21,Kertas,8.3,150
2026-04-21,Campuran,2.76,150
2026-04-21,Kertas,10.51,150
2026-04-21,Beling/Botol,0.05,60
2026-04-21,Kertas,13.15,150
2026-04-21,Emberan,1.2,68
2026-04-21,Emberan,0.87,68
2026-04-21,Emberan,2.86,68
2026-04-21,Kertas,3.52,150
2026-04-21,Beling/Botol,0.01,60
2026-04-21,Kertas,7.32,150
2026-04-21,Kertas,3.15,150
2026-04-21,Kertas,4.5,150
2026-04-22,Kertas,2.28,150
2026-04-22,Duplex,0.23,48
2026-04-22,Kaleng,0.19,120
2026-04-22,Emberan,2.59,68
2026-04-22,Emberan,3.69,68
2026-04-22,Kertas,40.15,150
2026-04-22,Emberan,0.85,68
2026-04-22,Kertas,2.44,150
2026-04-22,Plastik,1.23,19
2026-04-22,Kertas,4.62,150
2026-04-22,Beling/Botol,0,60
2026-04-22,Duplex,1.93,48
2026-04-23,Beling/Botol,0.03,60
2026-04-23,Koran,0.11,200
2026-04-23,Emberan,1.98,68
2026-04-23,Duplex,1.44,48
2026-04-23,Plastik,0.43,19
2026-04-23,Duplex,1.07,48
2026-04-23,Kertas,7.21,150
2026-04-23,Kertas,0.6,150
2026-04-23,Kertas,1.31,150
2026-04-23,Plastik,1.54,19
2026-04-23,Emberan,1.81,68
2026-04-23,Duplex,0.95,48
2026-04-24,Emberan,1.18,68
2026-04-24,Plastik,0.46,19
2026-04-24,Duplex,1.56,48
2026-04-24,Beling/Botol,0.01,60
2026-04-24,Seng,5.63,150
2026-04-24,Kertas,2.26,150
2026-04-24,Plastik,0.87,19
2026-04-24,Duplex,0.48,48
2026-04-24,Emberan,0.77,68
2026-04-24,Aluminium,0.23,190
2026-04-24,Kertas,0.34,150
2026-04-25,Emberan,1.34,68
2026-04-25,Emberan,0.87,68
2026-04-25,Kertas,4.31,150
2026-04-25,Duplex,1.31,48
2026-04-25,Duplex,3.37,48
2026-04-25,Plastik,1.61,19
2026-04-25,Beling/Botol,0.01,60
2026-04-25,Duplex,6.37,48
2026-04-25,Kaleng,0.62,120
2026-04-25,Minyak Jelantah,1.42,900
2026-04-25,Kertas,1.2,150
2026-04-25,Plastik,1.32,19
2026-04-25,Emberan,0.32,68
2026-04-25,Emberan,2.04,68
2026-04-25,Plastik,2.68,19
2026-04-25,Emberan,1.13,68
2026-04-25,Kertas,4.19,150
2026-04-25,Kertas,2.05,150
2026-04-25,Kaleng,0.62,120
2026-04-27,Emberan,1.03,68
2026-04-27,Emberan,0.78,68
2026-04-27,Emberan,0.33,68
2026-04-27,Plastik,2.15,19
2026-04-27,Beling/Botol,0.01,60
2026-04-27,Plastik,0.42,19
2026-04-27,Kertas,2.27,150
2026-04-27,Duplex,3.58,48
2026-04-27,Emberan,1.4,68
2026-04-27,Plastik,1.26,19
2026-04-27,Emberan,3.77,68
2026-04-27,Kertas,1.83,150
2026-04-27,Emberan,2.4,68
2026-04-27,Emberan,2.45,68
2026-04-27,Duplex,5.6,48
2026-04-27,Plastik,0.34,19
2026-04-27,Duplex,3.9,48
2026-04-27,Kertas,2.28,150
2026-04-27,Emberan,3.18,68
2026-04-27,Kaleng,0.54,120
2026-04-28,Emberan,0.92,68
2026-04-28,Emberan,1.49,68
2026-04-28,Duplex,2.62,48
2026-04-28,Beling/Botol,0.02,60
2026-04-28,Emberan,0.81,68
2026-04-28,Kertas,0.93,150
2026-04-28,Kantong Semen,0.28,30
2026-04-28,Plastik,2.69,19
2026-04-28,Kertas,1.5,150
2026-04-28,Plastik,1.19,19
2026-04-28,Duplex,0.25,48
2026-04-28,Plastik,1.89,19
2026-04-28,Duplex,0.72,48
2026-04-28,Kertas,0.45,150
2026-04-28,Beling/Botol,0.01,60
2026-04-28,Duplex,1.21,48
2026-04-28,Emberan,1.92,68
2026-04-29,Kaleng,0.29,120
2026-04-29,Aluminium,1.03,190
2026-04-29,Duplex,2.96,48
2026-04-29,Plastik,1.5,19
2026-04-29,Emberan,2.02,68
2026-04-29,Emberan,1.53,68
2026-04-29,Emberan,5.49,68
2026-04-29,Emberan,0.04,68
2026-04-29,Kertas,1.46,150
2026-04-30,Kertas,0.78,150
2026-04-30,Plastik,2.51,19
2026-04-30,Plastik,0.69,19
2026-04-30,Duplex,1.64,48
2026-04-30,Seng,8.64,150
2026-04-30,Emberan,1.71,68
2026-04-30,Aluminium,0.38,190
2026-04-30,Duplex,3.14,48
2026-04-30,Kertas,0.89,150
2026-04-30,Paralon,5.65,30
2026-04-30,Kertas,1.74,150
2026-04-30,Plastik,2.18,19
2026-04-30,Emberan,1.14,68
2026-04-30,Emberan,2.56,68
2026-05-01,Duplex,0.3,48
2026-05-01,Emberan,0.83,68
2026-05-01,Duplex,2.31,48
2026-05-01,Plastik,1.84,19
2026-05-01,Beling/Botol,0,60
2026-05-01,Plastik,0.68,19
2026-05-01,Campuran,1.02,150
2026-05-01,Kertas,2.96,150
2026-05-02,Duplex,1.85,48
2026-05-02,Plastik,1,19
2026-05-02,Kertas,1.64,150
2026-05-02,Emberan,1.79,68
2026-05-04,Plastik,1.31,19
2026-05-04,Emberan,1.44,68
2026-05-04,Kertas,0.36,150
2026-05-04,Plastik,0.38,19
2026-05-04,Duplex,1.96,48
2026-05-04,Emberan,8.34,68
2026-05-04,Kertas,0.6,150
2026-05-04,Duplex,1.79,48
2026-05-04,Beling/Botol,0.01,60
2026-05-05,Emberan,0.36,68
2026-05-05,Emberan,0.57,68
2026-05-05,Emberan,1.83,68
2026-05-05,Plastik,0.83,19
2026-05-05,Emberan,1.72,68
2026-05-05,Emberan,1.74,68
2026-05-05,Emberan,2.04,68
2026-05-05,Emberan,1.19,68
2026-05-05,Duplex,1.56,48
2026-05-05,Beling/Botol,0.01,60
2026-05-05,Kertas,0.77,150
2026-05-05,Kertas,0.7,150
2026-05-05,Kertas,3.97,150
2026-05-05,Beling/Botol,0,60
2026-05-05,Emberan,1.01,68
2026-05-05,Plastik,4.24,19
2026-05-05,Duplex,1.68,48
2026-05-05,Kertas,2.17,150
2026-05-05,Beling/Botol,0.01,60
2026-05-05,Emberan,0.84,68
2026-05-05,Duplex,2.38,48
2026-05-05,Kaleng,0.45,120
2026-05-05,Emberan,1.42,68
2026-05-05,Kertas,0.78,150
2026-05-05,Beling/Botol,0,60
2026-05-05,Plastik,0.49,19
2026-05-05,Kertas,0.91,150
2026-05-06,Emberan,0.85,68
2026-05-07,Kaleng,0.19,120
2026-05-07,Emberan,2.8,68
2026-05-07,Emberan,1.46,68
2026-05-07,Kertas,2.5,150
2026-05-07,Duplex,1.73,48
2026-05-07,Kertas,1.08,150
2026-05-07,Duplex,1.23,48
2026-05-07,Duplex,2.04,48
2026-05-07,Emberan,0.66,68
2026-05-07,Emberan,1.76,68
2026-05-07,Plastik,0.62,19
2026-05-07,Plastik,1.49,19
2026-05-07,Beling/Botol,0.01,60
2026-05-08,Duplex,5.71,48
2026-05-08,Duplex,1.16,48
2026-05-08,Plastik,0.68,19
2026-05-08,Emberan,1.66,68
2026-05-08,Kertas,2.49,150
2026-05-08,Emberan,1.7,68
2026-05-08,Emberan,1.65,68
2026-05-08,Plastik,1.43,19
2026-05-09,Duplex,2.63,48
2026-05-09,Minyak Jelantah,0.56,900
2026-05-09,Besi,2.27,250
2026-05-09,Plastik,2.06,19
2026-05-09,Plastik,0.8,19
2026-05-09,Besi,4.77,250
2026-05-09,Kertas,1.19,150
2026-05-09,Campuran,2.41,150
2026-05-09,Duplex,4.85,48
2026-05-09,Kertas,2.21,150
2026-05-09,Emberan,1.29,68
2026-05-09,Emberan,2.07,68
2026-05-10,Besi,0.17,250
2026-05-10,Aluminium,0.26,190
2026-05-10,Paralon,0.14,30
2026-05-10,Aluminium,0.02,190
2026-05-10,Plastik,0.24,19
2026-05-10,Emberan,1.09,68
2026-05-10,Aluminium,0.08,190
2026-05-10,Emberan,0.08,68
2026-05-10,Besi,0.15,250
2026-05-10,Emberan,0.36,68
2026-05-11,Kertas,1.16,150
2026-05-11,Emberan,0.53,68
2026-05-11,Kertas,2.85,150
2026-05-11,Kertas,2.4,150
2026-05-11,Emberan,1.37,68
2026-05-11,Plastik,1.84,19
2026-05-11,Emberan,5.65,68
2026-05-11,Plastik,1.23,19
2026-05-11,Kaleng,1.39,120
2026-05-11,Emberan,1.64,68
2026-05-11,Emberan,2.84,68
2026-05-11,Duplex,4.95,48
2026-05-11,Kertas,1.59,150
2026-05-11,Kertas,0.97,150
2026-05-11,Duplex,2.09,48
2026-05-11,Plastik,0.74,19
2026-05-11,Kantong Semen,0.17,30
2026-05-11,Plastik,2.8,19
2026-05-11,Duplex,4.55,48
2026-05-11,Paralon,0.36,30
2026-05-11,Beling/Botol,0.03,60
2026-05-11,Kertas,11.12,150
2026-05-11,Emberan,0.72,68
2026-05-11,Emberan,1.29,68
2026-05-12,Plastik,2.28,19
2026-05-12,Emberan,1.51,68
2026-05-12,Kertas,1.4,150
2026-05-12,Kertas,5.33,150
2026-05-12,Emberan,0.85,68
2026-05-12,Plastik,0.72,19
2026-05-12,Duplex,1.68,48
2026-05-12,Duplex,1.9,48
2026-05-12,Emberan,1,68
2026-05-12,Duplex,1.48,48
2026-05-12,Plastik,3.2,19
2026-05-12,Emberan,0.51,68
2026-05-12,Duplex,2.13,48
2026-05-12,Kertas,2.18,150
2026-05-13,Plastik,0.44,19
2026-05-13,Kertas,2.28,150
2026-05-13,Duplex,1.64,48
2026-05-13,Emberan,1.15,68
2026-05-13,Beling/Botol,0.01,60
2026-05-13,Emberan,0.17,68
2026-05-13,Duplex,1.25,48
2026-05-13,Kertas,0.86,150
2026-05-13,Plastik,0.5,19
2026-05-15,Emberan,1.28,68
2026-05-15,Plastik,2.85,19
2026-05-15,Beling/Botol,0.01,60
2026-05-15,Duplex,4.22,48
2026-05-15,Kertas,2.07,150
2026-05-16,Duplex,3.57,48
2026-05-16,Kertas,2.24,150
2026-05-16,Plastik,2.11,19
2026-05-16,Emberan,0.51,68
2026-05-16,Emberan,1.96,68
2026-05-16,Kertas,6.32,150
2026-05-16,Duplex,1.39,48
2026-05-16,Kertas,8.74,150
2026-05-16,Plastik,0.09,19
2026-05-16,Emberan,0.43,68
2026-05-16,Duplex,3.93,48
2026-05-16,Emberan,6.51,68
2026-05-16,Kertas,1.14,150
2026-05-16,Emberan,1.04,68
2026-05-16,Plastik,1.55,19
2026-05-16,Kertas,0.65,150
2026-05-17,Kertas,5.52,150
2026-05-17,Kertas,5.38,150
2026-05-17,Kertas,14.1,150
2026-05-18,Emberan,1.8,68
2026-05-18,Emberan,0.44,68
2026-05-18,Duplex,1.45,48
2026-05-18,Emberan,0.54,68
2026-05-18,Duplex,0.4,48
2026-05-18,Plastik,1.19,19
2026-05-18,Kertas,1.78,150
2026-05-18,Emberan,3.01,68
2026-05-18,Plastik,0.48,19
2026-05-18,Plastik,1.27,19
2026-05-18,Emberan,1.15,68
2026-05-18,Duplex,0.48,48
2026-05-18,Emberan,1.89,68
2026-05-18,Plastik,3.14,19
2026-05-18,Kertas,0.69,150
2026-05-18,Duplex,3.26,48
2026-05-19,Plastik,2.73,19
2026-05-19,Kertas,1.76,150
2026-05-19,Beling/Botol,0.01,60
2026-05-19,Emberan,0.64,68
2026-05-19,Plastik,0.18,19
2026-05-19,Duplex,1.69,48
2026-05-19,Beling/Botol,0.01,60
2026-05-19,Duplex,0.95,48
2026-05-19,Emberan,0.75,68
2026-05-19,Emberan,2.5,68
2026-05-19,Minyak Jelantah,0.79,900
2026-05-19,Kaleng,1.7,120
2026-05-19,Emberan,1.5,68
2026-05-19,Plastik,0.58,19
2026-05-19,Kertas,0.81,150
2026-05-19,Kertas,1.17,150
2026-05-19,Emberan,0.98,68
2026-05-19,Duplex,3.19,48
2026-05-19,Plastik,2.37,19
2026-05-19,Duplex,2.28,48
2026-05-19,Beling/Botol,0.01,60
2026-05-20,Duplex,0.89,48
2026-05-20,Kaleng,0.08,120
2026-05-20,Kertas,0.55,150
2026-05-20,Kertas,1.03,150
2026-05-20,Emberan,0.77,68
2026-05-20,Emberan,2.13,68
2026-05-20,Kaleng,0.2,120
2026-05-20,Kertas,8.8,150
2026-05-21,Emberan,4.96,68
2026-05-21,Kaleng,3.22,120
2026-05-21,Plastik,1.93,19
2026-05-21,Emberan,1.4,68
2026-05-21,Duplex,2.05,48
2026-05-21,Emberan,0.96,68
2026-05-21,Duplex,4.38,48
2026-05-21,Minyak Jelantah,1,900
2026-05-21,Duplex,3.67,48
2026-05-21,Plastik,1.4,19
2026-05-21,Emberan,2.6,68
2026-05-21,Emberan,2.41,68
2026-05-21,Plastik,3.91,19
2026-05-21,Emberan,1.38,68
2026-05-21,Kertas,2.58,150
2026-05-21,Kertas,1.19,150
2026-05-21,Emberan,1,68
2026-05-23,Emberan,0.96,68
2026-05-23,Emberan,9.16,68
2026-05-23,Duplex,1.95,48
2026-05-23,Plastik,3.4,19
2026-05-23,Plastik,1.77,19
2026-05-23,Campuran,2.31,150
2026-05-23,Kertas,2.33,150
2026-05-23,Duplex,5.13,48
2026-05-23,Emberan,0.5,68
2026-05-23,Duplex,2.65,48
2026-05-23,Beling/Botol,0,60
2026-05-23,Emberan,1.15,68
2026-05-23,Aluminium,0.69,190
2026-05-23,Emberan,5.11,68
2026-05-23,Emberan,0.33,68
2026-05-23,Emberan,1.73,68
2026-05-24,Kertas,23.02,150
2026-05-24,Campuran,17.11,150
2026-05-25,Kertas,4.02,150
2026-05-25,Duplex,5.85,48
2026-05-25,Emberan,1.38,68
2026-05-25,Beling/Botol,0,60
2026-05-25,Emberan,2.03,68
2026-05-25,Kertas,1.01,150
2026-05-25,Kaleng,0.61,120
2026-05-25,Emberan,6.03,68
2026-05-25,Duplex,4.73,48
2026-05-25,Emberan,0.18,68
2026-05-25,Plastik,2.31,19
2026-05-25,Plastik,2.64,19
2026-05-25,Paralon,5.19,30
2026-05-25,Emberan,1.14,68
2026-05-25,Duplex,0.29,48
2026-05-25,Emberan,0.91,68
2026-05-25,Plastik,1.87,19
2026-05-25,Kertas,2.52,150
2026-05-25,Emberan,5.05,68
2026-05-26,Plastik,1.57,19
2026-05-26,Emberan,2.49,68
2026-05-26,Duplex,3.27,48
2026-05-26,Emberan,5.66,68
2026-05-26,Emberan,1.15,68
2026-05-26,Plastik,0.84,19
2026-05-26,Duplex,3.06,48
2026-05-26,Duplex,2.3,48
2026-05-26,Plastik,5.77,19
2026-05-26,Kertas,3.05,150
2026-05-26,Kertas,0.5,150
2026-05-26,Emberan,1.72,68
2026-05-28,Emberan,7.6,68
2026-05-30,Emberan,9.09,68
2026-05-31,Emberan,8.35,68
2026-06-02,Campuran,6.5,150
2026-06-02,Emberan,2.78,68
2026-06-02,Emberan,0.27,68
2026-06-02,Emberan,1.55,68
2026-06-02,Emberan,6.17,68
2026-06-03,Campuran,7.6,150
2026-06-03,Besi,6.62,250
2026-06-03,Duplex,4.55,48
2026-06-03,Campuran,3.32,150
2026-06-03,Emberan,4.19,68
2026-06-03,Nilex,3.59,20
2026-06-03,Kertas,2.63,150
2026-06-03,Emberan,16.28,68
2026-06-03,Kertas,2.1,150
2026-06-03,Beling/Botol,0.03,60
2026-06-03,Emberan,6.9,68
2026-06-03,Emberan,2.94,68
2026-06-03,Kertas,3.52,150
2026-06-03,Campuran,4.21,150
2026-06-03,Plastik,3.69,19
2026-06-03,Plastik,4.23,19
2026-06-04,Plastik,0.22,19
2026-06-04,Emberan,3.39,68
2026-06-04,Emberan,2.31,68
2026-06-04,Emberan,1.82,68
2026-06-04,Duplex,2.69,48
2026-06-04,Kertas,1.11,150
2026-06-04,Emberan,0.77,68
2026-06-04,Emberan,2.76,68
2026-06-04,Emberan,1.02,68
2026-06-04,Plastik,1.63,19
2026-06-04,Karpet,2.78,275
2026-06-04,Kertas,4.66,150
2026-06-04,Duplex,1.11,48
2026-06-04,Emberan,3.56,68
2026-06-04,Plastik,1.84,19
2026-06-04,Duplex,1.14,48
2026-06-04,Kaleng,1.84,120
2026-06-04,Kertas,5.54,150
2026-06-04,Kertas,3.88,150
2026-06-05,Duplex,0.8,48
2026-06-05,Plastik,0.35,19
2026-06-05,Duplex,0.5,48
2026-06-05,Kertas,0.57,150
2026-06-05,Kertas,1.14,150
2026-06-05,Plastik,0.8,19
2026-06-05,Emberan,0.5,68
2026-06-05,Emberan,1.57,68
2026-06-06,Plastik,0.61,19
2026-06-06,Emberan,8.64,68
2026-06-06,Kertas,3.95,150
2026-06-06,Kertas,2.22,150
2026-06-06,Duplex,3.21,48
2026-06-06,Emberan,3.38,68
2026-06-06,Duplex,0.85,48
2026-06-06,Duplex,7.69,48
2026-06-06,Emberan,2.74,68
2026-06-06,Emberan,0.52,68
2026-06-06,Plastik,2.62,19
2026-06-08,Kertas,1.99,150
2026-06-08,Kertas,1.02,150
2026-06-08,Plastik,1.23,19
2026-06-08,Emberan,3.53,68
2026-06-08,Kaleng,0.56,120
2026-06-08,Plastik,1.48,19
2026-06-08,Emberan,4.59,68
2026-06-08,Duplex,2.8,48
2026-06-08,Plastik,1.02,19
2026-06-08,Kertas,0.78,150
2026-06-08,Emberan,12.08,68
2026-06-08,Emberan,1.81,68
2026-06-08,Emberan,3.94,68
2026-06-08,Duplex,3.02,48
2026-06-08,Duplex,1.65,48
2026-06-08,Emberan,0.62,68
2026-06-08,Emberan,1.06,68
2026-06-08,Emberan,4.37,68
2026-06-08,Emberan,1.81,68
2026-06-08,Emberan,1.34,68
2026-06-08,Emberan,4.33,68
2026-06-08,Emberan,4.32,68
2026-06-08,Duplex,2.22,48
2026-06-08,Beling/Botol,0.03,60
2026-06-09,Duplex,2.41,48
2026-06-09,Duplex,2.58,48
2026-06-09,Emberan,1.08,68
2026-06-09,Plastik,1.29,19
2026-06-09,Kertas,1.25,150
2026-06-09,Kertas,1.6,150
2026-06-09,Plastik,0.66,19
2026-06-09,Beling/Botol,0.01,60
2026-06-09,Beling/Botol,0.01,60
2026-06-09,Emberan,4.48,68
2026-06-09,Emberan,4.45,68
2026-06-09,Minyak Jelantah,0.32,900
2026-06-09,Besi,0.44,250
2026-06-10,Emberan,1.13,68
2026-06-10,Plastik,0.63,19
2026-06-10,Emberan,0.97,68
2026-06-10,Duplex,1.57,48
2026-06-10,Duplex,7.37,48
2026-06-10,Plastik,2.5,19
2026-06-11,Plastik,0.95,19
2026-06-11,Beling/Botol,0.01,60
2026-06-11,Duplex,3.01,48
2026-06-11,Emberan,9.89,68
2026-06-11,Kertas,0.65,150
2026-06-11,Emberan,1.36,68
2026-06-12,Emberan,2.56,68
2026-06-12,Duplex,3.05,48
2026-06-12,Beling/Botol,0.01,60
2026-06-12,Kertas,1.9,150
2026-06-12,Plastik,2.9,19
2026-06-13,Emberan,3.97,68
2026-06-13,Kertas,1.84,150
2026-06-13,Emberan,5,68
2026-06-13,Duplex,3.25,48
2026-06-13,Beling/Botol,0,60
2026-06-13,Kaleng,2.47,120
2026-06-13,Plastik,2.19,19
2026-06-13,Emberan,2.32,68
2026-06-13,Emberan,1.47,68
2026-06-15,Duplex,7.28,48
2026-06-15,Beling/Botol,0.01,60
2026-06-15,Beling/Botol,0,60
2026-06-15,Plastik,1.28,19
2026-06-15,Emberan,3.64,68
2026-06-15,Duplex,3.45,48
2026-06-15,Plastik,3.87,19
2026-06-15,Emberan,4.27,68
2026-06-15,Duplex,4.36,48
2026-06-15,Plastik,3.14,19
2026-06-15,Karpet,7.76,275
2026-06-15,Emberan,0.82,68
2026-06-15,Kertas,1.32,150
2026-06-15,Emberan,8.08,68
2026-06-15,Beling/Botol,0.02,60
2026-06-15,Emberan,13.35,68
2026-06-15,Kertas,1.88,150